,0,1,2,3,4,5,6,7,8,9,10,11,12,13,14,15,16,17,18,19
0,7.829772,8.89498,6.519044,11.106882,12.148242,11.430233,6.861712,4.750089,9.32456,11.644291,10.348482,5.751727,2.840736,7.82947,8.49089,7.999637,4.48155,4.857487,5.406491,1.0
1,7.804673,6.398333,6.480204,7.591386,9.394674,6.789874,6.720591,4.410753,6.423567,7.859995,6.219678,5.365658,4.56374,14.299905,6.536498,5.500418,5.30682,7.369478,5.463851,1.0
2,19.117916,18.790244,15.290947,19.863885,23.558141,18.811162,10.424139,8.432117,16.585204,21.052838,13.685216,5.536034,4.939387,9.50709,10.671642,9.233742,3.222334,3.665084,4.879179,1.0
3,8.535072,8.886661,6.902881,8.971336,11.380408,11.225137,6.975414,4.068375,7.877281,13.190841,9.045482,4.992834,2.809253,4.888732,7.259028,5.801176,4.168012,3.254037,2.488964,1.0
4,6.764832,6.81373,5.315754,7.949487,8.575134,8.755673,6.237341,3.011771,6.47238,7.434877,6.299267,4.664862,1.566645,4.175666,5.321908,5.371009,3.161262,3.040873,4.582518,1.0
5,12.99322,13.20708,9.319666,12.942194,14.033871,13.767664,7.321751,6.539722,9.769472,12.567529,8.725461,5.016263,2.763576,6.099798,6.247938,6.825929,4.520909,7.854269,4.74744,1.0
6,14.135115,13.310381,8.791207,13.576893,13.811868,12.192121,7.045643,5.072773,8.583008,10.472371,10.791544,3.646313,4.591457,10.085338,6.9952,8.872878,10.059622,3.33516,4.922815,1.0
7,5.399231,4.745624,4.660041,11.771088,6.23751,6.235976,4.865673,3.89352,7.194488,6.475639,6.625196,4.750612,4.039864,7.221584,5.584293,9.652856,1.993972,8.357003,8.211419,1.0
8,7.497049,8.290013,6.698617,8.420412,10.335175,9.853262,8.329156,3.032424,6.001761,10.249952,8.54206,5.182068,6.013616,5.945033,8.432755,7.662429,5.535588,4.613376,2.503031,1.0
9,5.513562,6.269327,3.669301,6.056929,7.420578,7.137492,9.469637,2.248355,4.352071,7.512387,5.424966,5.564483,2.82953,5.58349,6.518938,4.30056,4.256983,4.228783,2.96872,1.0
10,6.144583,5.941438,4.412219,7.430074,7.328886,6.805707,4.271805,3.473871,4.325434,8.060566,4.772463,2.804279,3.279953,4.597108,4.890701,3.305183,2.626892,2.420981,2.306,1.0
11,5.05182,5.078948,4.100484,5.96014,8.897631,6.243559,3.1973,2.81885,4.711758,7.920853,5.184488,2.133016,6.465199,3.413747,5.784906,3.721713,1.971992,2.974938,2.666366,1.0
12,9.614146,9.978057,6.345349,10.048358,11.922486,9.738408,7.03605,2.327643,5.740401,7.971,5.79626,3.830572,4.229528,3.908487,5.159838,6.352697,2.557595,4.809455,4.124563,1.0
13,7.588434,6.132868,6.053498,7.835986,7.578717,6.333437,3.990649,3.155471,4.696301,5.766715,3.387307,2.187093,2.181361,3.510587,4.29456,3.985818,2.077126,4.417269,4.012779,1.0
14,18.267454,21.963974,7.891932,22.163986,24.577298,26.742338,16.487151,1.872795,9.944952,24.63013,17.721595,9.84134,2.056114,7.190073,12.355271,11.415886,7.886217,5.814134,7.908215,1.0
15,7.381907,7.738135,6.487228,10.489049,13.856294,11.916425,8.966856,3.639773,7.853733,13.985086,8.05312,5.709192,2.626523,6.101455,8.287022,6.311648,3.205818,3.904269,3.982625,1.0
16,5.869772,6.004342,4.475778,7.280454,7.940732,6.588797,2.992708,3.381564,5.144612,6.191668,4.296608,1.992546,2.580208,4.359007,4.546738,3.293678,2.644544,2.422081,2.653891,1.0
17,7.964531,9.188076,5.552721,10.801037,11.835,11.444335,7.437171,3.697552,8.317764,9.987847,9.548582,4.47566,4.204725,6.8213,9.141554,7.854032,3.655765,4.474225,5.60203,1.0
18,6.158264,6.019166,4.302938,6.687569,8.748574,6.607014,4.152907,4.453525,4.787762,6.597591,4.558362,3.66965,3.229929,3.777406,5.581149,10.819426,1.428611,5.389985,4.02106,1.0
19,9.83821,10.127488,7.914464,11.90377,15.012094,11.622031,9.355771,4.682541,9.623358,16.384633,11.246581,7.205013,5.707863,8.758205,13.534688,11.669843,7.985984,5.832647,9.319417,1.0
20,6.928798,6.732997,5.959956,10.043794,13.343748,9.851002,5.550918,4.811058,12.144094,16.161372,10.184969,4.323886,4.878601,8.932142,11.04653,8.897375,5.118048,8.101426,9.868409,1.0
21,18.080945,18.568287,11.043968,22.680089,26.441104,23.749951,10.593899,7.294505,17.230721,26.064883,17.092926,5.730945,9.071324,13.647912,15.317713,10.073077,6.758036,9.769102,8.069683,1.0
22,22.370812,23.809448,13.126406,23.088377,24.701925,23.997001,15.057788,6.511678,15.278408,23.610811,20.829376,10.039097,5.986597,10.439895,15.647132,13.316358,7.436276,5.423335,5.259658,1.0
23,5.934449,5.843016,5.270425,7.679054,9.025854,7.110908,4.165805,3.761241,6.788932,10.968963,6.578044,2.682526,4.225946,6.902618,8.943483,6.167785,4.072559,8.143143,6.80922,1.0
24,47.894621,50.489561,25.029028,44.317142,53.022779,47.844764,33.75472,17.592163,27.069291,37.899479,35.965223,26.289084,13.28914,20.370982,31.329258,35.554823,30.840803,10.841073,18.437625,1.0
25,7.522443,8.359068,4.503453,6.177492,8.273537,6.170155,4.360297,3.94967,6.17643,6.958808,4.782135,2.286429,2.94812,5.224522,5.609447,4.222464,1.963609,3.66939,2.439977,1.0
26,12.73503,12.034304,10.861501,14.762816,18.266372,14.483318,9.455422,7.469925,16.486982,16.653616,13.623397,5.830846,8.51115,13.826345,16.234111,9.74732,15.823041,13.529478,11.655336,1.0
27,8.01709,8.429022,6.206259,7.24929,8.255967,8.218489,7.230997,5.215652,6.467713,7.838507,7.437737,5.787874,5.068705,5.515616,6.096624,5.998302,5.599933,5.172958,5.555663,1.0
28,7.558388,8.75827,5.005845,8.491738,10.62642,10.057196,8.389866,3.419864,6.511194,10.135538,8.374547,6.079912,6.03273,6.339864,7.960035,6.917739,3.907944,6.400312,5.06436,1.0
29,11.467438,11.942682,8.242315,9.260442,11.161203,9.936233,8.199088,5.639328,7.817899,8.626133,8.720665,7.463161,6.195619,7.561349,8.557853,8.188467,7.984895,6.886695,7.647747,1.0
30,14.586465,18.815981,7.528766,13.528345,20.884316,20.295059,13.614364,4.500697,10.796419,16.041719,15.150207,10.335849,4.151803,14.544772,18.436913,19.039994,16.019107,4.397566,9.274092,1.0
31,5.948895,6.255555,7.392764,6.343432,7.763095,10.819958,4.611957,5.511631,5.633119,7.075158,7.087307,3.749939,3.999624,5.085838,5.678049,6.281607,3.17663,4.367408,4.259591,1.0
32,4.932822,4.500322,4.207916,7.379382,8.486689,6.868122,5.10343,2.774326,6.249335,7.951601,8.556572,2.721909,3.364383,5.324161,6.002576,7.152547,2.249344,5.589049,3.351212,1.0
33,10.144531,11.642307,7.169459,14.81699,17.062336,16.200715,13.906705,4.66571,13.057396,16.093409,12.263028,6.70384,7.570775,12.997174,15.353701,12.43923,8.633282,11.495066,11.983355,1.0
34,85.072537,95.401682,31.503671,63.236844,103.079984,82.95047,51.617129,13.752398,33.462109,46.038473,54.752554,31.86576,26.157172,28.504194,45.372218,45.531591,40.700223,18.031775,18.4943,1.0
35,12.628107,13.617847,7.991325,14.637532,18.365974,18.428197,12.042999,5.690205,10.067914,15.910822,14.6375,10.676073,4.412941,9.0863,12.396415,12.600601,12.911769,3.972366,5.789999,1.0
36,8.370571,8.765759,6.718654,9.09743,11.534542,10.716895,10.666521,4.527471,7.699962,9.65492,8.765463,5.180663,4.958089,7.252479,7.382032,7.121751,5.206325,4.937612,5.448849,1.0
37,32.377117,35.171636,31.017476,31.982107,33.747145,32.86848,29.282037,24.581088,33.623223,35.919502,31.880749,25.176887,29.489602,33.317744,34.395694,33.688776,26.714736,30.50572,30.55295,1.0
38,17.713194,19.17364,10.975162,23.063843,31.501937,24.358903,15.943672,8.241625,20.530797,28.265383,21.58607,12.220357,10.581844,21.030265,21.50354,21.183343,12.267749,10.896404,12.650402,1.0
39,6.833608,8.182665,7.459867,9.170955,7.820308,8.141912,9.079012,4.317841,6.092476,7.620293,7.267171,6.297513,6.003759,5.799473,6.908906,5.987496,11.318537,8.136072,11.752154,1.0
40,36.72154,43.966731,29.25958,42.415472,48.427859,47.674422,30.642522,18.16868,41.802404,38.18986,37.509174,25.367635,21.233966,34.060086,38.43749,49.742793,40.745812,31.751292,43.182015,1.0
41,15.27853,12.439498,13.054784,12.289379,13.529462,11.691441,9.482809,11.307932,10.587518,11.411346,10.002435,10.050613,10.619385,9.742354,9.657482,9.621015,8.256405,8.608352,8.805472,1.0
42,6.146517,5.674964,4.485531,5.935229,7.344018,4.732745,3.325789,1.606329,3.662249,4.402907,3.211373,1.604082,0.768798,6.671873,3.210756,1.523592,1.535522,2.195245,0.898505,1.0
43,9.574689,8.13944,10.45853,14.252875,11.485742,11.177505,6.036433,10.291655,11.804848,15.352964,9.551622,4.368355,10.180222,12.812787,12.688371,10.817208,6.003442,11.165847,9.983354,1.0
44,12.074272,13.544033,9.997288,13.413772,14.786886,13.655617,13.924714,7.700164,11.598813,13.555893,12.683222,6.923917,8.744548,10.772542,9.027797,13.220894,7.927511,7.864586,8.351165,1.0
45,9.672288,12.17451,5.450374,14.490852,15.157885,18.177942,8.337441,4.125959,14.49217,19.757055,19.609805,6.309483,4.708972,13.606056,13.637084,12.2086,5.256152,16.836341,7.523004,1.0
46,21.273207,27.402831,8.773253,18.724553,33.767824,28.639298,14.976305,6.734097,6.568869,20.435552,17.799532,5.960863,8.453243,13.749782,15.212924,13.000907,5.418209,9.09158,13.409544,1.0
47,14.697467,14.994767,16.967188,21.651233,26.693603,24.879913,14.0334,11.06581,19.783114,31.054532,20.482524,18.71775,7.669264,22.01288,23.56596,16.698753,10.023632,9.734448,14.145982,1.0
48,7.976215,6.790193,5.933533,9.001877,13.793271,9.454653,6.294439,4.854808,7.991521,11.341526,7.558015,4.265501,8.54888,4.192935,6.480623,7.266831,4.968097,4.115395,3.778773,1.0
49,27.361539,29.774644,16.594817,31.478241,37.325056,33.626441,19.781198,13.507194,21.833682,32.789168,23.351003,9.261664,8.70608,19.46979,25.843902,21.491592,9.216102,9.116162,9.261394,1.0
50,4.939281,6.24994,2.724498,4.19933,6.353593,6.430369,6.277128,1.27217,2.684526,4.742741,4.176644,4.184697,3.615533,2.574764,2.574172,2.948899,2.891027,3.038267,1.732544,1.0
51,6.96876,6.713466,8.153544,8.463038,9.375201,10.595394,4.760083,4.99345,8.385645,11.161238,8.486418,3.997299,5.905671,8.685223,9.986811,8.694858,4.903005,9.16686,8.750567,1.0
52,12.792665,8.976033,13.822409,15.091244,17.564094,13.925677,6.433695,8.639615,12.793715,13.884797,8.810382,3.423501,7.056044,8.920076,9.577127,8.418433,5.001746,9.871551,8.183495,1.0
53,22.18576,23.864335,16.733973,26.653901,30.755101,29.111727,16.934422,14.727984,24.059131,31.408916,25.266798,11.56783,16.839442,22.712217,25.314828,20.494973,10.157193,16.395892,17.400618,1.0
54,8.037383,8.638786,5.133757,8.025168,12.220775,10.660482,7.012108,4.130448,7.22465,11.049491,8.808405,2.954185,5.256524,3.946556,11.185339,8.62495,3.383969,3.14374,2.08369,1.0
55,21.471481,23.731639,13.323584,23.34897,27.331561,27.995625,21.386011,7.448107,19.51084,24.645143,25.727952,15.028379,9.093328,19.985775,23.650419,25.261635,18.510605,13.132021,12.99687,1.0
56,15.610031,19.195827,12.907005,20.597448,22.849699,22.258327,15.707094,8.303668,15.784306,26.57715,22.914665,11.188114,7.037096,14.649284,22.374238,19.445437,13.649944,10.592709,10.349053,1.0
57,7.929558,8.03197,7.739922,10.628616,11.022505,11.037687,7.783767,6.146568,11.632036,12.362243,12.218556,6.368875,6.122199,9.849676,9.216882,9.198456,6.228605,6.030794,5.978554,1.0
58,10.938585,11.18619,9.931713,12.217056,13.521074,13.604265,11.029473,6.70128,9.855138,13.537855,11.863771,8.796544,5.582491,8.217554,10.193179,9.623462,7.773741,6.781216,7.124005,1.0
59,24.576829,29.669212,21.28931,35.741566,46.889349,44.950924,30.166154,14.31793,34.160775,45.625333,45.837863,27.076707,13.665864,29.930692,32.868933,32.102528,27.407031,13.86202,13.341405,1.0
60,20.412811,22.453921,17.703089,25.202262,22.983955,23.067744,18.394718,16.504417,25.649149,30.73128,27.00792,18.447812,24.402941,27.874555,27.833492,27.139602,20.945538,33.97815,24.744742,1.0
61,7.208631,7.512839,8.797012,7.984138,8.833381,9.955504,6.983121,4.453924,7.457527,8.200939,6.561203,6.202973,2.64893,5.924804,6.323376,5.521066,6.56975,6.389034,5.095341,1.0
62,8.912537,9.020061,8.168499,9.979563,12.332087,12.577542,6.664015,4.517129,8.150511,10.402489,9.490457,5.181568,3.981556,8.815379,7.599758,7.785671,6.102118,5.112055,6.002569,1.0
63,4.17124,4.552501,5.365347,3.992039,4.935805,4.779399,4.204112,2.656462,3.099641,5.74255,4.607603,3.358324,1.979901,3.744425,4.435775,4.393824,3.776439,3.092568,4.048693,1.0
64,7.634895,8.448143,6.909494,11.600157,14.854297,15.883546,13.594399,5.32566,13.769023,16.264718,15.907219,8.592079,6.617695,11.507107,14.848115,13.90847,9.761248,11.278996,11.722161,1.0
65,33.324054,29.545353,24.762565,33.244126,37.213638,39.148094,30.127781,23.975158,26.316786,31.819805,29.623892,23.615658,14.505954,20.574399,26.232349,24.487906,15.554268,14.637692,16.054643,1.0
66,17.694294,18.421629,12.735424,34.778134,29.380107,42.215766,18.648504,17.961691,25.863443,37.746109,32.001533,14.230422,13.571699,22.493173,25.599299,23.275357,16.023209,18.820578,19.996632,1.0
67,4.73243,4.417801,5.239767,7.547579,8.869666,8.749426,3.807548,5.416188,8.233296,14.305756,9.822028,3.084761,6.726097,9.337395,12.587115,10.142197,4.455421,8.687284,6.135723,1.0
68,12.440877,18.879974,8.397209,22.791428,24.224085,23.01613,19.809043,4.729828,19.216957,26.766275,24.532679,16.280086,10.321414,17.67445,22.572596,22.113961,15.572066,20.843987,19.369911,1.0
69,8.744792,13.400519,7.246541,14.969488,15.78142,15.325739,6.526466,6.965131,8.538132,12.306947,11.273178,4.675444,2.845883,9.355764,11.226124,9.159852,5.816184,2.865402,5.018701,1.0
70,6.227683,7.05378,4.351406,9.202405,7.240393,6.003448,6.012527,3.092533,6.794907,11.092709,8.654276,3.899613,4.645262,6.921506,8.651571,7.611199,11.57666,5.522253,6.445377,1.0
71,15.492912,16.542246,10.199269,19.111959,26.498367,24.200998,13.183694,6.974873,13.992898,14.902346,12.825505,10.488547,4.971022,14.314328,16.767924,14.870925,9.850966,7.358852,9.248095,1.0
72,25.512911,18.676889,18.38465,27.32546,27.970613,21.162247,16.212886,16.053261,23.186839,23.190868,18.737653,14.114077,16.926129,21.535156,22.039758,19.84791,14.734059,18.1771,16.553142,1.0
73,12.848412,18.317457,7.945712,12.498332,17.710511,17.69513,13.759641,2.173186,9.296473,12.7624,12.424088,9.389892,1.432325,8.635854,10.18648,8.803417,8.250252,2.684835,5.097504,1.0
74,16.86201,18.40103,8.570634,17.398058,20.553167,20.565036,15.251398,6.079941,15.251455,20.753159,10.95598,14.464072,5.244358,11.856105,17.168306,23.968062,17.803972,5.886623,13.495112,1.0
75,17.935342,18.523291,16.714657,22.450931,23.635506,23.662006,17.283127,13.451146,20.632958,23.757151,23.488735,12.576413,15.047867,18.82222,20.789333,24.374364,13.586183,13.11854,12.424206,1.0
76,11.795617,11.401189,7.846287,13.72718,14.643919,16.374934,9.88745,4.278873,8.637515,12.019467,8.604498,5.590915,5.71514,3.259313,10.096145,10.540834,3.781289,3.065707,2.699999,1.0
77,35.66936,39.706005,30.067479,45.314436,50.508017,49.401877,34.913941,16.270988,40.103253,53.552989,46.829203,23.000247,19.589825,30.05929,43.427039,26.228761,16.737069,24.699846,31.319985,1.0
78,12.673442,12.872365,10.303554,17.302488,22.472853,16.184216,10.528978,9.5292,18.470235,24.216321,13.516145,9.106236,5.922966,14.181003,17.82465,12.331431,9.917386,6.759267,9.103346,1.0
79,8.973513,8.961296,7.777386,12.754537,14.726498,11.341903,4.802384,5.091665,9.879581,12.829927,7.881741,2.79903,4.418864,8.246518,10.268275,8.929027,4.248066,5.303673,4.751569,1.0
80,10.125344,10.543978,9.583887,14.454619,17.064492,15.22958,9.339093,5.578328,10.565769,13.991652,11.177042,6.584801,4.996582,9.466462,12.181921,10.193183,7.055679,8.001089,6.493504,1.0
81,12.499305,15.808724,10.140524,17.481333,22.182068,19.230695,15.443967,6.37117,13.414203,18.298497,18.321894,14.872141,5.325827,11.578052,15.538085,17.257705,15.55382,6.201441,7.161627,1.0
82,28.370494,29.680158,19.541312,34.587928,37.963749,34.114538,21.642345,11.556812,20.842458,22.808696,20.186211,11.551771,9.682004,15.123942,15.622876,14.816577,11.659564,13.559634,16.198302,1.0
83,11.411447,15.580125,8.749815,9.687824,10.902138,11.157215,9.526891,6.009236,7.863262,11.734603,9.727526,6.420626,4.60663,7.353633,8.843592,8.18423,6.876162,5.721353,7.20148,1.0
84,6.947531,7.056364,4.851485,8.147596,10.134817,9.8214,5.499475,2.828904,5.938809,11.154986,7.70667,3.353326,3.712525,5.984234,8.499166,6.910606,4.000619,6.354949,6.491892,1.0
85,6.927182,6.64482,5.254697,15.650139,10.880125,10.708011,4.313445,4.269281,11.67432,13.916537,7.584195,3.222268,5.305459,13.29414,8.671243,11.353365,3.652277,5.4682,4.270098,1.0
86,12.710943,11.965134,11.352851,14.147115,12.969789,12.995028,11.44448,7.545467,11.794939,16.494101,14.902092,7.372034,7.89366,10.579059,14.523301,12.241773,7.09429,9.806343,14.11727,1.0
87,18.311166,18.728159,13.517491,17.446518,20.883442,20.749837,21.392395,9.301771,16.68952,20.74505,18.500542,13.689645,9.502576,14.464007,18.916251,18.386174,11.221536,11.007284,10.253178,1.0
88,6.079212,7.770005,6.372217,8.557412,10.835751,10.478087,6.974073,4.293469,5.992263,7.355465,6.53233,5.155896,3.433714,4.853305,5.42088,5.429284,4.008548,3.856873,3.310865,1.0
89,18.926895,18.706907,13.706207,25.011658,29.105911,25.891432,15.278403,8.142476,17.842462,21.390274,19.596829,9.22555,7.677837,12.10455,14.287765,14.553644,8.260008,8.206428,10.79796,1.0
90,17.272417,20.072938,9.846273,19.59022,22.04881,20.166186,14.558732,6.038027,18.285191,26.469587,21.988209,10.109436,7.499791,16.996503,22.84473,18.926728,9.791974,17.634852,17.711209,1.0
91,7.507039,8.420475,7.579754,9.367783,11.47326,10.884542,9.870749,6.317432,11.006292,10.779091,10.465462,7.213897,4.720547,7.345977,8.304353,7.584218,6.402223,6.704418,5.822014,1.0
92,18.759992,19.983533,17.105542,29.634173,33.671791,33.720517,16.36493,14.413819,25.670562,37.369796,26.634755,14.913203,8.251538,24.047298,28.818772,28.427967,16.453709,16.508702,29.392378,1.0
93,17.376644,19.913425,13.201558,21.69352,25.395562,24.91201,17.547916,7.409701,18.415934,21.203069,20.552815,14.710234,4.027787,12.660701,16.016457,16.676067,12.830254,4.800501,7.579469,1.0
94,7.540519,9.949335,5.99766,5.478785,5.974171,5.810596,6.747749,3.597207,4.336718,5.998172,5.099106,3.099484,2.596637,3.848724,3.939609,3.885134,2.946508,2.449754,2.373635,1.0
95,4.16268,4.11509,4.011406,4.800227,5.32458,5.2881,3.912587,2.175178,4.307626,6.486945,5.260194,2.716295,2.162461,3.54662,4.527761,4.225296,2.494329,2.662916,2.922629,1.0
96,15.344127,16.052454,8.045315,19.561023,22.674535,22.305595,15.730366,3.836667,14.584619,22.801789,19.664848,9.343755,3.253208,11.783039,17.099303,16.989093,8.036209,7.747414,10.231522,1.0
97,10.9047,9.09813,8.538494,12.525426,13.77655,13.916354,5.536767,6.646735,11.045292,15.164397,10.875894,4.915528,8.304886,8.407928,9.942271,7.650516,4.092226,10.946188,6.96609,1.0
98,10.179101,10.499896,8.165401,12.166479,13.541834,16.312425,9.658417,7.02344,12.76546,15.819764,14.17681,7.150625,5.494141,13.353951,15.285924,17.012195,9.259248,9.500294,10.165243,1.0
99,9.69994,9.252344,7.908326,12.137276,13.475904,12.857095,8.198738,6.724632,10.303596,15.367392,11.020766,7.84122,8.222821,9.513698,10.579383,9.940219,8.563132,6.844174,8.933535,1.0
100,11.932697,11.632363,10.872929,12.762031,14.577957,14.092907,8.109919,6.162185,12.838959,16.470569,16.357187,5.770113,4.44925,10.392631,14.286703,15.545622,9.573231,7.381591,6.390879,1.0
101,14.696604,15.618086,6.980011,12.886211,13.794388,14.910678,8.352869,5.622964,11.838024,15.156919,14.697746,9.26087,6.974015,10.680917,12.516013,11.989629,16.173744,8.498551,10.776399,1.0
102,39.559075,35.678635,39.111634,46.008594,49.970881,45.596267,34.252275,35.791685,43.264581,48.578427,42.956286,21.373363,21.46794,30.537392,34.43824,31.792079,16.387988,14.376689,16.30182,1.0
103,7.165969,7.088708,8.249593,9.931544,11.253403,10.823155,6.144765,4.36087,11.99208,10.148896,9.167667,4.928051,4.702234,10.042495,9.081282,10.225942,7.378958,6.531527,6.319964,1.0
104,16.224292,16.278668,14.508341,22.426661,31.043351,33.809643,17.899242,13.139101,24.746392,35.029968,31.132575,15.185693,13.229291,21.428154,29.128166,31.160348,23.184436,18.409254,31.732381,1.0
105,13.35708,14.62694,10.841894,12.676171,20.512515,18.585155,12.156513,6.717235,13.130271,13.09771,11.457543,10.650285,5.580642,8.089416,14.201388,10.204984,7.698014,6.618244,7.062456,1.0
106,12.342832,13.220217,8.780755,15.000163,16.907311,16.214404,10.086395,6.120131,10.822943,13.501731,13.22984,7.509244,5.851389,9.497353,11.519365,11.577625,9.405852,7.341932,8.517108,1.0
107,12.668567,12.913805,8.169661,14.413549,19.360933,17.46444,9.88971,5.415048,10.36936,13.119323,11.79171,6.616021,5.814839,9.317667,11.03498,10.430556,7.829043,7.383311,8.551137,1.0
108,15.252541,14.569314,11.901889,18.904781,21.541026,18.12286,8.289697,8.517501,12.261363,15.266645,12.741658,5.661082,9.617322,9.717314,11.664428,10.499533,12.405832,12.39541,6.427042,1.0
109,6.92265,8.226004,6.175087,7.267946,7.411826,8.349157,7.138539,3.177242,5.582362,7.454295,10.868025,6.490387,2.014526,4.042592,6.171069,10.849181,6.630443,2.727953,5.380526,1.0
110,13.596441,12.265936,9.336479,15.799111,20.995956,18.0861,10.842853,4.898839,13.033013,17.910293,15.10361,7.563595,8.493353,19.864784,24.897227,27.786712,24.52305,12.073724,14.112152,1.0
111,2.844692,2.727408,2.480498,3.469041,4.183562,3.981785,1.9256,2.398977,2.856414,3.819187,3.001516,1.232596,2.903408,2.81207,3.1165,2.747282,1.373756,3.01738,2.393687,1.0
112,6.16483,6.936135,5.720695,6.675196,8.78824,6.953709,6.318801,2.01316,6.116775,9.463329,8.084586,4.57545,1.467149,4.015762,6.163681,6.292175,4.690651,2.984661,3.94913,1.0
113,7.378879,7.999812,5.469136,8.248029,9.569621,8.966912,4.639195,3.735457,6.288182,8.962863,7.293837,2.822599,4.891353,6.904253,8.738625,7.569804,3.98636,6.869493,5.815834,1.0
114,4.229455,5.326896,3.765981,5.073331,6.606271,5.946119,4.591501,1.971299,3.852508,6.169575,5.393275,3.311096,1.746964,3.039274,4.078847,4.212656,2.859407,2.071424,2.575756,1.0
115,19.78776,18.457407,13.992488,20.255946,25.234213,20.35555,12.440011,9.196593,15.405832,19.343967,16.144662,8.719316,9.913005,14.263163,17.201589,16.067134,15.516294,19.236019,16.100736,1.0
116,7.663555,8.441552,4.173515,8.10954,9.489372,9.365332,6.435422,5.027502,5.873547,7.641585,6.910343,5.24017,3.270064,4.842138,5.893094,5.698223,4.384719,3.577678,3.785658,1.0
117,22.635216,24.211987,15.886898,27.643921,34.835817,29.005717,15.818626,9.772999,27.002812,36.564773,31.093069,12.003911,10.640531,26.292306,36.325344,32.028207,14.738434,15.47403,11.26325,1.0
118,8.639145,8.527861,5.358114,7.46763,8.004951,7.637554,5.891622,2.753001,4.44567,4.856694,6.781794,5.936209,2.372446,7.032983,5.839905,6.621076,3.486949,3.609279,4.406457,1.0
119,3.439697,3.703147,3.506806,4.265951,3.679477,5.162725,4.606908,2.342803,4.154055,8.021675,6.013462,4.122957,2.165727,3.629292,6.201624,5.367538,2.994299,2.855167,2.890507,1.0
120,18.36474,19.653611,6.812547,23.088876,19.915243,26.002817,19.971941,12.306731,19.676015,27.94136,25.703084,16.255119,13.680199,19.692133,22.339393,20.887721,16.092495,20.842525,20.612774,1.0
121,7.181889,7.109326,5.530289,7.874007,9.980562,10.261572,5.19297,4.915863,5.395509,7.408821,6.315268,3.595788,4.475562,4.163296,5.844296,6.783475,3.773033,4.314038,2.969702,1.0
122,23.060164,22.224941,24.06125,24.257908,27.299335,26.932927,18.997466,17.429171,21.091423,24.330967,32.431652,15.134376,17.285262,19.67323,44.382638,23.334562,20.103234,19.380322,17.473216,1.0
123,8.896265,8.254052,8.675947,10.398571,12.83295,11.588126,7.075611,6.386823,10.353663,10.228366,10.407754,6.088794,6.709689,8.587768,11.607672,7.050234,6.290692,7.65715,6.880268,1.0
124,17.138817,16.425165,13.559297,16.754868,19.018659,17.91568,13.675976,9.783452,17.048506,23.939601,18.115097,11.563945,9.464177,20.45052,27.597589,21.145307,14.419904,12.24249,12.226943,1.0
125,7.393425,9.006375,6.491456,11.854276,9.738891,9.841658,11.421184,3.422927,11.850006,13.786744,6.300537,5.324262,3.967229,9.061092,9.329829,6.857707,4.33801,11.193028,7.262107,1.0
126,11.015627,11.481137,7.432121,10.125388,11.587949,12.78083,14.061543,4.173842,10.664987,13.357139,7.972942,4.432948,2.740612,10.154773,10.260534,7.321994,5.063048,5.889984,4.715281,1.0
127,6.149753,11.496767,8.865347,13.919005,9.761084,11.96097,7.62257,3.369036,8.270183,9.3302,9.974365,3.180235,4.328652,6.128439,6.478679,4.95712,3.885013,3.299096,2.553088,1.0
128,14.056561,13.980866,15.48347,14.312546,18.934452,17.952864,12.434869,11.430249,14.575867,23.90529,15.141527,10.12033,7.492323,10.899941,14.74878,11.578275,10.731189,12.666329,10.551371,1.0
129,35.600453,29.956966,30.998011,35.718101,36.041063,28.922688,24.525915,25.326835,29.928364,29.199429,30.131629,20.668529,17.401366,25.06617,25.166895,22.170228,19.391359,13.718973,11.630006,1.0
130,12.048599,15.900474,8.575358,13.643488,16.317213,16.654242,14.656041,5.631579,11.960182,14.976727,13.208468,9.013431,4.956037,8.346021,13.053388,11.343174,7.124321,6.875762,7.950307,1.0
131,28.400493,18.009659,22.955037,20.407253,22.517388,20.35553,17.327913,22.702995,19.817043,22.510526,20.06314,18.024559,17.241558,18.430505,21.357029,18.998843,17.386776,18.187644,17.721287,1.0
132,16.023667,15.393474,15.470322,19.054892,20.394822,17.678084,11.128736,11.394509,15.957503,19.489225,16.135366,8.642588,54.840239,13.270301,16.541946,15.706372,12.021314,19.899137,14.53598,1.0
133,7.892451,13.498428,7.384339,8.532642,9.790622,10.896284,7.966921,5.436571,7.998212,10.847006,8.304965,5.898419,4.55755,7.012524,7.952924,7.629104,7.665884,5.972166,7.506859,1.0
134,14.922463,15.268945,15.580751,15.818305,16.980667,17.049373,13.361851,11.480433,15.224173,18.557188,15.881106,11.541651,9.755202,14.348195,15.785825,15.597066,13.348545,12.162628,13.683151,1.0
135,17.361567,16.634125,15.961203,17.940203,19.040683,16.027289,16.030039,13.594083,16.645137,17.126513,16.326612,13.754368,13.530885,15.71446,16.933328,15.964172,15.267798,16.066563,14.51693,1.0
136,13.950282,12.837292,10.442528,12.146493,11.828343,11.420356,12.161724,7.298637,10.257535,11.149531,8.946073,7.354352,5.671566,8.168486,10.781455,9.898597,6.151259,6.596359,4.490153,1.0
137,8.800612,10.200854,7.712511,10.859146,13.717495,13.111854,7.548293,5.070138,9.310747,13.32907,10.869694,5.815568,4.340484,6.336511,9.511869,8.931593,6.93329,7.835095,9.273491,1.0
138,8.479647,5.982349,5.371764,7.58896,9.300904,7.866314,3.667634,3.542683,6.742034,8.480867,6.694542,3.102238,2.733527,5.543949,6.806963,6.023194,2.748733,2.87039,3.087655,1.0
139,14.843069,15.612663,10.903616,16.417477,21.87035,22.750158,12.51417,7.175331,14.840904,18.200467,15.444613,9.131911,7.123433,14.340446,13.416212,13.97164,12.245518,10.556896,13.046958,1.0
140,25.986517,28.15197,30.941479,28.519128,28.361998,28.144688,24.709941,19.262453,21.939419,23.332193,21.88121,17.811533,17.475637,19.215933,20.277871,19.952742,20.059697,18.581626,19.819157,1.0
141,18.630236,18.303788,13.633757,22.041501,25.790113,25.823262,13.680359,10.190899,20.473551,30.154422,25.027903,12.188625,10.544821,19.384536,22.597816,23.200392,13.533117,15.825976,15.966236,1.0
142,15.922116,16.881564,10.550146,13.290598,22.772352,13.736798,14.178991,4.747724,12.474237,18.752486,16.010474,9.922078,4.14684,10.714682,13.850705,13.394489,10.622622,6.480468,10.618143,1.0
143,8.011548,7.614928,6.519679,7.225695,10.240013,8.491244,6.31141,4.85265,10.029061,9.184566,7.845351,5.025485,4.877128,5.861342,10.915842,11.224173,6.509135,7.445585,9.967996,1.0
144,11.004678,14.892358,10.17584,13.07644,15.414563,14.037656,10.809146,6.447281,9.493379,12.084773,10.946618,8.466566,5.115428,7.500774,8.78431,8.540829,6.841494,9.06883,5.815965,1.0
145,8.133459,7.966239,7.048425,9.237977,10.72648,10.313334,7.669188,3.488248,8.178918,10.88796,8.965774,5.095951,3.063509,5.480526,6.948109,5.680507,3.252506,4.275307,4.351666,1.0
146,8.456295,8.741408,6.422676,10.069312,10.315605,11.533664,6.345794,3.886808,7.755051,14.132049,7.984216,5.157465,3.543154,5.995192,7.276802,7.999337,6.458998,4.093929,4.893728,1.0
147,15.725839,17.109997,12.814584,15.493942,17.772312,16.910348,14.35426,9.168926,12.811681,17.201887,15.086415,11.614442,7.844496,11.216993,13.402686,12.424474,10.481499,12.282245,10.521911,1.0
148,16.961717,19.088627,15.456844,19.985552,22.16534,20.963944,13.162702,8.142444,18.938735,24.022125,22.12518,9.276493,14.07211,19.805969,24.727907,27.033308,18.358385,12.903535,9.975773,1.0
149,9.938698,10.840255,7.761312,11.367082,12.350268,11.047053,7.723282,3.723326,7.321908,9.051057,8.721164,4.133894,3.419709,5.219695,6.391366,6.047822,3.740231,3.908023,3.189766,1.0
150,18.690959,20.794124,9.332088,25.449773,37.747673,39.704329,18.630508,4.81962,17.096603,38.224198,29.311117,13.006561,3.369326,14.189639,22.228453,21.968668,14.204524,5.33344,10.373462,1.0
151,13.273311,15.235259,11.484125,18.964726,23.351041,18.809143,12.790445,8.071666,14.827541,18.086913,18.292543,7.973731,6.909366,11.615831,15.255416,11.480492,8.704055,15.138361,16.513747,1.0
152,24.292759,25.728889,21.691703,24.868731,25.406788,25.293744,21.873763,17.870987,22.750084,26.909267,24.12188,17.882575,18.63504,20.914518,23.613749,21.748789,18.180286,20.748535,20.227119,1.0
153,11.508337,10.323611,9.897323,12.917596,13.818108,12.880525,9.413122,6.112879,9.605947,11.970305,10.540754,5.980054,5.097068,7.576535,9.266538,8.218124,6.196543,6.037305,6.705355,1.0
154,9.317628,11.379212,8.190339,10.464915,12.920855,13.050171,10.114973,5.808622,9.435413,14.895831,12.179787,7.085406,3.696452,7.58721,11.910469,11.499545,7.893856,5.651731,7.978188,1.0
155,5.931936,5.359807,4.416701,5.804643,6.999953,6.592773,5.101138,3.34913,5.37871,6.427701,6.259821,4.109286,3.135251,4.825345,5.533616,5.515789,4.526902,4.982284,5.083594,1.0
156,14.378314,15.477411,10.382649,12.824603,17.380426,17.393293,12.182243,5.039148,8.676868,13.068247,11.736318,6.999703,5.424835,8.311629,9.711088,9.385099,7.849636,5.804478,7.319342,1.0
157,5.434953,5.153769,4.510012,8.935009,9.560906,7.792393,4.348657,3.113558,5.833238,9.82002,6.235543,2.757226,2.210551,3.229111,7.06868,5.303951,2.025898,4.849007,2.624584,1.0
158,7.241284,7.500433,6.317766,9.724016,14.663445,12.3649,7.139146,4.394433,7.449881,13.554516,8.560657,4.555927,4.735101,6.678342,7.186899,7.301926,7.95736,7.433424,8.009632,1.0
159,12.337249,16.614574,8.143633,16.189716,20.152096,19.124156,9.558328,5.903842,13.138314,18.370525,13.62033,8.113026,6.209099,10.991011,11.63119,7.928999,6.541344,8.81881,12.037278,1.0
160,8.471912,8.730759,9.479478,11.762084,12.580264,12.605599,9.62679,11.416813,15.709627,13.032166,12.60557,11.344502,6.962919,11.269274,10.513493,9.975922,7.256904,8.901188,8.905831,1.0
161,13.19187,11.91471,10.240192,17.457879,18.271235,12.881484,6.373753,6.682252,12.821077,16.858267,13.350493,4.731483,5.660082,11.392371,14.213179,12.916062,5.631845,6.780442,6.310622,1.0
162,10.931007,6.452553,4.626529,7.72362,10.294436,8.058488,3.346537,2.926677,8.548068,9.972517,7.346086,2.742076,5.409788,8.0851,5.707516,5.797445,5.905993,5.156332,3.512715,1.0
163,12.715493,12.488609,8.444675,10.486011,11.718145,10.703609,8.819532,4.610556,7.374131,9.046482,7.123246,4.395162,3.658848,5.194739,6.09531,5.334405,3.411027,3.515029,3.102859,1.0
164,11.610092,11.970597,8.428628,12.601375,14.314749,12.776942,9.019184,6.204003,12.190483,14.634241,11.973094,6.89967,7.16784,12.607627,14.99362,13.02492,8.125717,6.339589,7.365843,1.0
165,11.872204,12.562914,8.288784,10.303903,11.33744,10.768679,10.478151,5.124886,7.583608,10.57084,9.372931,8.676368,3.620016,5.821124,7.359876,7.982691,9.837006,5.35276,5.188764,1.0
166,11.800769,11.754206,10.461676,11.899487,12.712891,11.784264,10.076733,8.022792,9.15895,11.778613,10.574423,8.037612,6.925525,7.601011,8.562401,9.015076,8.546107,7.570169,7.30398,1.0
167,24.160413,27.550405,17.072217,28.241914,28.993224,25.291793,16.31332,13.462251,18.32921,23.244118,19.321372,10.690947,11.720421,16.492689,18.865869,16.235703,12.476473,10.637002,12.355272,1.0
168,11.833055,10.238447,9.391677,23.733398,22.407936,18.740158,7.428187,7.434917,18.973726,20.076335,19.758108,4.78557,8.59965,16.111787,33.859282,17.573964,9.247697,19.824886,22.762558,1.0
169,5.899131,6.030642,4.138496,5.532097,5.723962,5.745453,6.312778,3.177782,4.57701,6.253193,5.474462,3.375413,2.217824,4.060319,4.797835,5.001515,2.712196,2.258634,2.729046,1.0
170,9.737452,9.472973,5.73675,9.58502,11.861224,11.588445,6.388328,3.519795,7.381941,11.075928,8.631714,3.452798,6.608742,11.902476,9.902422,9.243487,5.920059,9.397005,8.264757,1.0
171,12.529283,13.731387,13.378717,16.385848,18.918073,20.485593,13.022485,9.300849,13.908659,14.41641,12.668616,9.344557,8.725777,10.879661,11.278582,10.123559,8.049858,8.76375,8.79155,1.0
172,6.368235,6.933177,4.581306,5.959082,7.468369,7.74501,6.085508,3.261913,5.418265,6.753958,6.016926,4.938006,2.914433,5.867136,4.503598,4.229107,3.70262,2.820476,3.521034,1.0
173,28.561283,34.370534,24.059623,33.936745,35.884451,34.98766,26.191108,14.677828,24.401487,34.521118,27.797126,19.300582,13.60224,20.907824,31.151945,25.617694,21.184199,19.149154,21.553579,1.0
174,33.915561,32.687499,26.987906,44.671547,37.00833,45.753001,24.105428,18.528046,37.088198,51.002488,35.656003,16.884532,12.95918,25.689928,33.391651,28.457638,20.975206,21.653612,23.120473,1.0
175,7.423314,7.336298,5.583242,8.677025,10.072252,8.953517,5.357217,4.157114,7.954759,10.900125,7.895647,4.36378,3.857922,6.728559,9.008188,7.550268,4.979704,5.388665,6.360965,1.0
176,9.14719,10.45269,7.096483,11.876346,14.494883,15.396338,8.746691,2.730151,8.027218,9.784155,10.468612,4.000484,3.121538,6.261775,7.34122,7.77946,3.993916,3.034651,5.01308,1.0
177,28.526446,30.179769,12.306971,22.721294,25.757658,21.584182,12.229604,5.401573,10.784685,18.039146,15.047758,7.776837,3.659883,9.888355,10.943771,12.633938,7.880615,6.345143,9.763477,1.0
178,11.936747,13.291523,11.620341,20.115955,23.40839,25.180918,14.835804,8.398942,19.833227,22.262575,21.428241,10.058834,7.768968,15.714614,17.636118,17.416287,11.719955,11.338566,9.996573,1.0
179,8.798607,10.231944,5.387507,9.519542,11.884325,11.834047,8.162654,3.168866,8.465979,11.310901,10.64973,6.098454,4.092671,10.658626,13.350083,13.320581,10.344815,8.927958,9.797913,1.0
180,8.158848,9.794304,4.787487,8.765463,10.988754,11.003852,7.879672,2.943901,7.930834,10.247823,9.510361,5.480611,3.576981,9.246744,11.327482,11.113781,8.317917,7.921803,8.272236,1.0
181,11.48754,12.238689,7.540779,10.531421,12.375692,11.437709,8.968682,4.219316,8.122436,9.216235,8.82065,7.073351,2.680545,6.10664,6.854164,7.876638,6.335624,3.410228,5.07358,1.0
182,4.893717,4.823097,5.045104,6.244015,7.306872,6.362453,4.526599,3.259441,5.855588,8.661307,6.46009,3.293659,2.598,5.317683,7.064228,6.082389,3.724663,4.724106,5.733457,1.0
183,8.336654,24.864933,5.94721,9.081407,9.877835,8.494488,5.685303,4.282758,7.213418,8.171258,6.537671,5.998978,3.641075,4.931713,5.640496,6.045113,3.975591,3.732537,3.762307,1.0
184,12.338763,15.67137,9.620562,11.823815,13.734709,12.477158,8.18272,6.827625,10.330871,12.5367,10.619783,7.202002,7.781641,9.760938,9.678367,9.32746,7.933168,10.017841,6.573942,1.0
185,18.068891,19.437969,14.025452,23.323859,30.981661,23.418437,17.097904,8.189805,20.437046,26.816596,19.924036,9.990429,8.420202,15.53223,20.548695,15.185862,10.178633,11.691861,15.205213,1.0
186,16.188821,10.381521,10.391789,28.696471,19.420915,16.485319,19.595641,11.577759,19.0049,19.541365,15.456623,12.121527,4.018477,5.755081,7.484575,6.708461,4.390447,9.603215,7.229522,1.0
187,11.596195,12.44625,7.877961,13.714537,13.158641,10.697973,6.256873,4.85491,11.204412,9.719801,11.735528,4.629105,9.037453,7.403994,8.564035,10.016704,3.614012,3.908157,6.39676,1.0
188,8.199172,8.252628,6.42906,9.568151,10.922756,10.376206,6.687322,5.018537,9.660363,10.446281,10.122586,5.067059,4.427519,8.23951,9.559392,8.23267,4.986657,5.708659,5.469667,1.0
189,11.593256,12.868895,9.557498,16.668721,13.204073,13.387657,14.162704,7.13277,11.894906,12.858115,10.639605,8.137668,7.985113,7.436763,13.692072,9.690132,9.760589,10.946807,9.766649,1.0
190,10.013752,9.048919,6.752582,8.419969,9.259898,8.643265,7.208393,3.862665,7.042596,7.491034,7.672909,4.730911,2.900864,5.34687,6.26387,6.594804,3.9668,3.68044,4.696516,1.0
191,12.309044,13.642855,8.972887,10.897003,13.051218,11.662,12.797502,5.851447,7.695604,9.526278,9.264442,7.838295,5.035236,5.369166,6.627984,6.869073,6.940864,4.689305,4.87279,1.0
192,14.248546,15.093066,13.683494,14.021031,25.800536,18.935842,13.859225,6.904518,13.95203,13.826918,15.628632,14.216857,12.180051,13.062333,16.149,13.760578,13.684026,13.206768,13.708035,1.0
193,4.954802,4.654768,4.504771,7.021771,8.514431,7.010234,5.682891,3.465895,8.744349,10.65468,7.697333,3.022054,2.909616,5.858088,5.571992,4.289833,3.436251,2.618844,2.999084,1.0
194,17.804874,12.720805,11.803966,17.483094,19.521872,16.776391,9.455623,6.841404,15.046035,20.088826,13.477703,5.340888,4.489589,9.560847,13.29929,10.930401,9.135396,6.170368,7.248197,1.0
195,10.312331,12.652577,9.75515,10.880898,16.906716,12.470093,10.413325,6.688754,10.415349,11.112451,9.741679,7.555131,6.439427,9.011566,10.416253,9.212387,7.550017,6.941362,7.790495,1.0
196,12.577527,12.005909,10.933135,18.54492,18.825176,17.597534,11.537228,6.901836,17.743107,18.384886,16.277883,8.924104,6.974126,12.739711,13.013951,13.717716,9.751964,9.239546,10.794468,1.0
197,12.312444,12.509398,10.696961,14.178254,16.680397,15.722856,11.488505,6.262125,11.913962,15.450596,13.634982,7.248349,5.243557,7.56369,11.055389,12.370412,9.362275,6.451995,6.268293,1.0
198,82.819115,102.367429,28.149784,73.266088,79.103416,65.179191,37.814617,9.205187,28.216371,34.853893,40.050904,18.404703,6.122517,28.800828,40.878564,37.693689,26.937991,17.972101,17.997045,1.0
199,11.26282,11.536135,9.635673,11.255721,13.089277,13.430751,11.275798,8.63802,10.025279,12.878953,12.010644,9.549911,8.351717,10.322716,11.158136,10.810976,9.965415,8.747632,9.504627,1.0
200,9.019338,11.575816,9.105963,8.120657,9.02835,7.81804,12.346927,4.359691,6.114638,6.385776,6.078976,5.772874,2.880137,4.736174,5.234591,5.935159,5.451025,2.808539,5.826724,1.0
201,5.125304,6.07492,6.981422,5.973175,9.271815,7.288105,5.026012,3.270512,4.179511,5.306741,4.839616,3.192003,3.323385,3.979678,4.874366,5.027855,3.597558,4.279465,3.15668,1.0
202,5.543607,5.973547,5.695132,8.207611,11.362659,7.00469,12.355864,6.993856,9.503286,11.693214,11.496866,5.412774,5.445076,5.76754,9.447711,8.652891,6.298527,6.698619,8.227255,1.0
203,12.117157,17.040543,9.748513,12.93891,16.625084,15.950857,12.917742,7.604234,11.963196,14.198746,13.825163,9.547659,5.495935,9.596167,11.600421,11.643494,8.58946,7.992104,10.718828,1.0
204,22.723222,25.566226,19.471448,22.53056,25.29964,24.939293,16.934814,14.25009,27.141871,22.867243,20.585993,18.960906,14.920136,23.922787,30.050994,20.550689,18.176878,20.758948,19.757276,1.0
205,44.401057,44.897894,38.691081,53.874153,45.338317,62.74019,52.453138,16.662762,56.602513,65.029213,40.203709,35.100411,21.909155,85.13589,96.649001,76.379441,62.543956,51.986823,46.612597,1.0
206,6.630828,7.359661,4.825204,9.597625,11.621414,9.487161,4.650492,3.419366,7.21069,9.017088,8.087962,4.165643,3.333862,6.13563,7.939531,8.150761,21.328608,5.571425,13.734745,1.0
207,17.264258,16.872636,17.559429,19.796961,22.971344,20.185944,15.240905,10.948572,19.207079,17.852919,18.309117,9.864713,11.115647,17.060001,14.680156,16.061526,12.465391,12.227141,11.793216,1.0
208,29.597105,32.892079,22.282554,43.339038,51.785098,42.052404,18.343545,15.27832,29.626289,37.663109,28.09666,12.183413,13.015407,20.389387,18.24548,20.765889,17.557114,21.100119,15.27884,1.0
209,2.781916,2.858852,2.813937,4.13593,3.944694,3.562089,3.44137,2.581434,3.33674,4.279304,5.147103,3.732725,2.96429,4.838498,4.529489,3.850553,3.948276,3.834989,2.435539,1.0
210,7.892599,8.555293,6.550512,9.647841,12.259627,11.291295,6.854575,4.861676,7.743392,12.959149,9.810527,5.026686,5.314176,6.656967,8.861995,7.531331,5.308716,8.175708,8.536725,1.0
211,17.51417,13.651484,15.148734,17.046162,18.926392,15.8834,16.191662,10.119467,20.195943,23.329607,18.113565,9.804436,14.04128,14.423178,15.360584,10.032851,12.815938,12.434996,9.321526,1.0
212,10.287464,9.171146,10.045368,10.970894,13.870717,11.784745,8.884457,5.903006,10.322233,13.62483,10.604825,6.729502,6.394707,8.490927,8.542258,9.021218,7.736598,8.168329,7.853138,1.0
213,14.181286,22.57822,7.040838,13.58158,19.678016,18.199711,14.976998,2.36925,9.369871,15.994141,13.330872,8.285769,2.768396,8.033807,10.059267,11.052117,8.682277,3.180099,6.862883,1.0
214,22.389767,20.629222,14.394707,25.305578,29.307773,27.604354,19.353784,9.385295,15.927925,21.062703,19.983035,13.824793,5.30715,10.307133,15.443195,11.954718,11.336412,6.58133,7.409364,1.0
215,29.886277,31.924616,20.00229,32.178132,36.504137,32.029516,20.897969,11.954733,24.764323,27.572215,24.063083,10.972873,11.394884,17.570599,18.808108,16.667621,11.5519,12.058035,10.137135,1.0
216,8.38695,9.351148,6.661284,9.353689,11.584781,10.656064,8.040881,3.954723,8.708502,11.545515,9.96093,5.993173,5.459533,7.761936,9.703707,8.497101,6.560635,10.941904,8.392307,1.0
217,31.932966,41.864802,21.27583,31.126773,35.628399,31.809326,16.981302,8.977068,18.654129,19.157717,18.772559,8.901008,7.058535,11.350307,12.345619,11.76207,11.156129,11.116425,9.463204,1.0
218,8.814547,10.0412,7.448157,11.725741,18.926072,12.08614,8.225192,5.748248,7.584405,9.209544,7.695529,6.970915,3.927621,11.519156,11.826103,12.856526,7.841966,10.372407,9.541611,1.0
219,12.95323,13.678364,9.996695,12.054582,15.152625,13.377067,9.6844,7.08174,9.96993,8.890986,8.142124,5.443604,7.111041,10.377386,7.510523,6.900649,3.997722,4.943251,3.281436,1.0
220,7.35811,7.711301,6.790342,8.673694,8.847261,11.246626,7.105716,3.58273,8.583421,11.598235,9.144469,4.96845,3.574735,5.07534,10.189702,9.565632,6.034163,5.548208,6.286309,1.0
221,25.204201,26.324565,26.91615,24.062285,23.478762,28.292851,19.166769,13.398967,21.268991,16.955986,18.71587,22.831923,11.883758,17.427395,18.196572,16.773151,15.448525,11.565847,13.374306,1.0
222,31.616212,35.519428,17.148924,31.192255,35.977242,30.566667,20.56411,9.931292,22.932208,23.161785,20.684987,11.194531,12.236226,17.052011,19.182132,18.721502,17.15439,10.466099,10.513273,1.0
223,8.521843,9.410828,7.608163,11.503302,13.958642,13.222131,8.055025,4.534124,10.550128,13.37357,11.818856,6.887845,4.263892,8.495553,11.098199,10.454797,7.588572,7.440426,7.839729,1.0
224,4.766757,7.991861,3.897982,6.739537,6.867662,8.015454,4.72753,2.486975,7.289604,9.956503,8.518282,3.246532,2.812557,5.914324,7.442972,6.629115,4.945202,4.79248,6.565209,1.0
225,27.702293,29.134616,17.665373,29.573421,34.671355,30.994645,22.188963,7.722744,23.219073,38.11917,29.704301,8.280818,5.086868,18.141867,31.779104,22.785251,10.993531,9.944975,8.367742,1.0
226,8.609671,14.393572,7.616898,13.727429,10.321536,9.535095,8.748633,3.658358,10.554021,9.025695,7.844068,6.964637,7.819575,7.505391,10.05035,6.040837,8.395651,7.328097,7.112821,1.0
227,11.546378,12.137982,8.338003,9.174391,11.192751,9.752229,7.259725,4.840382,8.47425,11.118851,8.216581,5.501443,3.835976,9.040065,12.217249,7.096875,4.571764,9.991075,4.359156,1.0
228,14.564563,16.42454,10.82911,19.958956,21.49449,18.770648,12.294762,7.331793,12.47976,15.24274,13.078602,6.148715,5.895174,10.298656,12.251284,10.318162,6.154347,6.379449,5.797757,1.0
229,19.771208,20.561734,11.332054,20.953037,20.876261,20.804194,20.004253,4.71137,17.123987,17.114141,17.654958,16.743294,9.146666,9.223274,16.181235,16.098559,14.990461,8.249767,14.79185,1.0
230,6.447576,7.49206,6.242599,9.655152,11.224384,10.779457,7.824677,4.593174,12.382027,17.478403,14.038762,6.931454,5.352663,9.779926,11.297473,10.5465,7.475758,8.340313,8.431751,1.0
231,12.313529,25.523301,9.019775,14.207734,16.763634,16.805394,14.436355,5.112584,9.299549,15.24862,13.955988,11.511265,3.601725,7.427807,10.824994,11.592302,10.17157,4.143271,8.853732,1.0
232,7.24321,7.275333,9.187478,9.17283,10.29378,10.315343,6.77777,6.926646,11.583,10.211481,8.649066,3.782387,7.980638,8.084459,8.288543,8.495362,6.196298,7.668704,6.299279,1.0
233,6.380777,7.848586,4.648457,7.08054,9.271128,8.424152,6.415665,3.279497,5.611182,8.143479,7.191818,5.997441,2.840668,4.467233,5.685972,5.276566,4.566047,3.011653,4.066228,1.0
234,7.455029,7.726946,5.893644,6.662689,8.448724,8.428446,4.560608,4.428042,4.672796,7.495898,7.699821,5.295594,3.576682,5.246174,6.355734,7.094437,5.675152,6.083941,5.999691,1.0
235,9.832654,10.608349,5.955394,13.212742,16.702889,12.363996,7.54898,4.838436,9.732633,15.672792,11.102941,5.990061,9.435536,12.662415,9.249647,18.809285,9.249647,7.735147,9.249647,1.0
236,16.421535,16.715512,15.96295,16.411573,16.684013,18.431372,10.212481,5.666844,15.08989,17.488357,12.840948,7.297223,3.824008,10.741786,10.427978,11.374354,11.479555,4.770261,10.753189,1.0
237,8.4727,8.395905,5.024306,8.490911,9.364057,8.607345,7.537859,3.390676,7.156273,8.862334,7.94815,7.275929,5.88209,6.84847,7.441649,7.385702,8.002395,19.349463,9.551529,1.0
238,10.985666,11.388331,10.090219,10.610393,11.042272,13.781567,10.236564,7.584668,10.965269,11.741409,12.058437,7.951151,4.289477,9.675205,10.608913,10.33944,5.64657,5.634209,6.538756,1.0
239,22.633798,29.866364,13.298343,20.186907,22.85439,22.675999,14.329068,8.610513,13.482141,19.870578,17.123799,8.33172,4.595394,5.030852,8.839096,11.376617,6.880522,4.769779,3.75028,1.0
240,4.665685,5.995773,4.123199,5.008718,7.606297,4.926916,4.628979,3.749387,4.12351,5.056742,3.946931,4.941742,2.038754,4.223369,5.811633,4.168429,2.091982,2.060287,1.776388,1.0
241,4.327717,4.913507,2.887839,2.905661,4.953159,4.475003,5.396454,3.079484,1.842264,2.240601,1.916956,2.701798,4.861708,2.71627,1.930013,2.69432,4.919162,4.237556,4.97409,1.0
242,9.769466,9.64891,7.126714,11.518692,13.103961,11.671639,7.020922,5.483417,9.024462,11.303102,8.411056,4.194837,4.674259,7.771354,9.674814,7.321231,3.271286,4.467386,4.458229,1.0
243,16.120245,15.974712,15.186487,15.22589,12.579625,12.542449,12.100712,7.391864,16.14108,17.629936,14.594148,5.891762,5.369764,9.866569,8.008398,11.145609,2.666227,2.476298,1.822798,1.0
244,8.319569,8.186,7.146797,10.571489,10.501241,10.374023,5.370398,5.549008,10.25156,11.941433,9.628861,4.177761,7.219998,9.022303,9.371329,8.230464,6.69445,8.600534,7.927409,1.0
245,9.079904,8.15978,16.145323,17.513198,10.535377,9.989652,9.890276,7.533897,11.236451,12.94905,10.960007,6.081312,8.271034,10.518234,10.043569,7.461689,7.420557,9.677955,12.8577,1.0
246,6.963701,6.99212,8.607811,8.624507,10.33969,10.348181,7.144284,6.892034,11.49918,10.502362,8.897469,4.09263,8.18869,8.3036,8.521383,8.758248,6.745964,8.257771,6.835712,1.0
247,9.08401,9.596298,9.098745,9.168335,9.22363,9.232992,9.18831,4.135613,9.263173,9.448659,10.558001,5.199651,4.347922,5.75099,7.993955,7.958475,7.909864,5.730122,6.513104,1.0
248,14.054639,14.410111,11.956718,12.73462,15.116657,16.727539,11.53186,7.095235,11.387524,19.336462,16.580665,5.161009,10.781876,10.760822,12.308292,13.470596,8.770746,10.812548,10.772988,1.0
249,23.852083,24.756075,18.051277,24.542433,28.285659,24.428327,17.210788,9.771855,22.168887,27.740546,24.179226,10.834861,8.374592,24.087617,34.388273,26.739253,15.067066,9.316955,9.011814,1.0
250,14.206123,10.551746,15.215173,15.30339,15.636714,15.616716,10.964056,4.749222,11.970497,15.693148,14.326086,7.405472,4.773673,10.86355,10.933429,13.035748,13.613584,8.348557,8.335449,1.0
251,9.898754,8.212327,8.15683,8.617686,8.491236,8.479372,6.449636,3.687947,5.747548,8.164667,8.023497,4.47354,2.656424,4.687724,7.157352,8.268056,6.352855,4.663409,6.057868,1.0
252,6.905594,8.07972,4.381013,7.324968,7.465818,7.468639,6.826542,4.924087,5.818511,7.924903,7.054973,3.158495,3.205711,5.084956,6.104357,5.96107,4.228613,5.077932,5.464295,1.0
253,5.510987,5.854275,5.06871,9.134719,11.399287,10.205428,6.728064,6.383439,10.260149,12.992412,11.285501,6.805585,5.87058,9.702316,10.504688,10.526862,8.76874,9.698275,9.581718,1.0
254,9.517521,12.451154,4.600533,8.930484,9.656248,9.660391,9.000179,2.521113,5.170491,7.826902,6.146436,4.59808,0.240568,3.246246,4.280445,4.114105,2.048525,1.302409,1.447982,1.0
255,13.439644,13.752888,8.901391,14.358528,17.47169,15.461449,10.593965,4.82403,9.702417,17.153084,13.217232,7.818047,3.249685,8.244713,12.066218,12.063978,6.321631,3.281515,4.170138,1.0
256,11.828372,11.45435,6.824998,12.514982,15.91564,16.911152,8.14382,3.749827,11.796054,18.638248,13.558252,5.942804,4.936257,10.618245,10.456685,10.676623,4.724595,3.546653,4.793305,1.0
257,5.803426,6.043026,4.007987,7.905056,9.750513,8.95964,5.764831,3.01786,6.452332,9.047175,7.652901,3.537806,2.684199,6.738842,9.707659,7.626079,4.639695,4.64485,5.369455,1.0
258,5.429728,5.570126,4.282692,6.8878,8.243895,5.618027,5.533833,2.741336,5.686016,11.355748,6.276313,4.42123,4.178765,4.473817,8.008206,7.463309,5.289389,5.661322,4.090202,1.0
259,7.639208,7.68989,7.804644,9.170351,12.863398,10.912567,5.815272,4.795754,7.584467,12.467675,10.817583,5.552392,6.795575,6.583964,9.847225,5.762476,5.614022,2.828358,3.845468,1.0
260,8.846483,9.002318,6.455198,10.108815,9.761669,9.00982,8.779176,4.507657,9.578139,9.667143,8.467593,4.997484,2.920699,7.83491,7.42322,7.330749,4.216165,6.002591,4.79877,1.0
261,20.530644,20.90602,11.833029,20.346991,25.658898,21.432222,21.115868,6.499701,17.94299,23.128762,18.708766,18.724145,3.481738,13.922253,17.293571,16.849951,14.81238,7.388091,13.212259,1.0
262,8.355932,8.275684,5.680044,14.464375,9.216817,12.953728,7.497579,2.566013,11.301481,19.098044,12.279551,6.040958,3.615206,9.111969,14.061043,12.311458,6.376033,6.860094,6.796097,1.0
263,13.577215,13.913178,13.500997,20.46894,21.335963,14.502089,9.843379,12.43601,15.470879,23.412989,12.434096,6.26682,13.810417,25.071966,34.917964,22.880502,10.756056,21.111636,17.784821,1.0
264,14.894599,13.988267,9.549053,12.886745,13.901164,13.905385,11.373685,10.259517,12.333517,13.933001,12.215812,6.127632,7.72831,8.829759,10.931509,6.035394,6.151065,5.857438,5.41839,1.0
265,24.803098,24.693493,21.311011,32.124011,39.032186,30.248491,19.497617,14.859421,26.690478,30.860515,25.345813,13.12876,9.248941,31.477231,28.250621,28.27984,24.958096,30.396064,35.98657,1.0
266,51.701754,52.191193,44.121736,52.973391,60.528355,59.254039,39.28048,38.056853,47.370801,53.997227,45.034972,24.642024,28.158433,56.5017,38.368408,30.605319,33.280106,26.654082,24.567234,0.0
267,11.377117,11.853162,10.736641,13.269271,14.75757,14.943392,19.306361,5.494385,8.975794,14.030628,10.817627,8.237739,3.755348,8.585559,21.000462,11.913587,6.534554,5.848406,5.80745,0.0
268,17.258618,22.079685,9.947847,15.693964,15.673324,15.731969,15.542372,6.565311,12.505903,15.519323,16.57311,14.428876,5.242004,9.678772,13.758904,12.727182,9.349859,4.938702,7.610682,0.0
269,8.278579,7.760801,9.599054,14.038576,13.932495,9.589697,5.23874,10.087179,13.590547,12.972787,7.6748,4.078025,8.309291,11.545349,9.489605,6.51052,3.567017,7.630349,4.640322,0.0
270,18.166703,22.085421,13.031955,23.571454,28.256666,28.125329,12.955795,6.864299,21.636357,20.299687,17.104782,10.020775,6.82046,11.876965,16.075747,13.72854,12.01194,5.317621,11.921776,0.0
271,8.938022,7.554497,6.526894,10.080307,10.488616,7.470032,5.135125,3.587526,7.83278,10.584017,6.866597,3.770087,2.376981,6.717411,7.466513,4.674203,4.689129,2.394354,2.649578,0.0
272,6.515834,7.006697,4.360773,6.017092,7.484758,6.316377,4.898601,1.160988,3.603633,4.927841,3.819736,2.666338,0.328437,1.519281,2.490307,2.070317,1.382491,4.543046,1.500765,0.0
273,6.063369,6.079749,5.732085,5.907791,6.271152,6.29619,6.500006,3.592859,6.461165,8.017201,6.608109,4.142719,2.77444,4.141719,6.317405,4.395565,4.093517,1.934877,3.9151,0.0
274,10.173494,10.646897,9.792772,13.007764,13.13132,11.746711,5.846681,5.609965,10.295985,13.61968,8.048257,3.361369,5.308159,9.104798,8.530427,6.304651,3.511528,7.066598,5.250662,0.0
275,18.48331,19.432254,12.620101,20.80805,22.704036,19.890871,15.127455,9.294994,16.396142,13.32249,10.477119,5.248766,4.354046,8.328708,6.967715,5.829935,4.62172,4.283038,3.365771,0.0
276,24.351535,24.916547,22.025316,30.173899,33.002506,29.175305,18.640792,14.990927,28.743346,37.695162,28.537213,10.428348,10.321305,16.802978,27.070469,20.996975,10.271268,5.024629,8.431601,0.0
277,21.504535,20.500971,18.979308,27.082688,27.486381,20.751768,14.354886,13.017812,21.256323,25.306429,21.49988,12.782457,10.917875,16.35004,18.791158,17.13177,11.039663,11.867855,10.075369,0.0
278,17.456215,13.505316,11.731265,18.954314,24.382407,23.433544,11.972086,7.616823,28.157821,20.123939,14.154994,6.972508,16.386561,34.976613,16.523459,20.232976,10.922783,10.7001,9.593127,0.0
279,8.682309,7.817319,7.071143,7.763351,10.070405,9.718536,7.750613,7.042476,9.067617,10.201894,7.997809,5.828336,8.053426,8.129191,8.376725,7.616905,5.410963,7.511226,7.522739,0.0
280,25.842509,38.500925,25.0008,21.515737,24.676183,20.99016,17.389685,9.787937,23.819875,42.399733,14.886572,9.089276,13.810841,19.855831,21.070041,23.902769,12.733767,10.519094,11.826206,0.0
281,8.775451,9.167976,7.541024,14.886034,14.685686,11.728484,7.584193,2.8455,7.01355,13.071758,11.407159,4.915829,1.864526,7.652203,11.198196,9.538616,4.18297,3.182219,4.740994,0.0
282,13.754253,11.130808,7.796139,13.678282,19.070245,13.220946,9.147148,6.530209,8.822976,15.794786,10.720834,7.312545,4.465909,8.945565,8.861694,8.001292,5.910999,4.525016,5.103444,0.0
283,22.272031,20.812873,24.112822,40.356083,47.122159,37.495884,17.867296,20.840956,37.361449,50.657918,46.116966,17.389465,23.932625,42.867994,61.912494,49.588788,27.234862,48.359008,36.901278,0.0
284,13.204151,16.081285,17.118924,12.070724,11.79167,13.621295,11.559281,7.085953,11.062462,10.054883,9.69618,10.761169,6.077471,12.47716,12.086491,9.26427,10.122517,6.772024,8.454125,0.0
285,17.140469,16.964351,13.071257,22.873077,25.3169,21.066521,12.023441,8.846646,17.411567,21.552352,18.0955,9.800055,7.06487,16.765359,20.443319,21.662301,9.665204,10.642757,7.55029,0.0
286,15.296475,15.47533,11.016081,17.996412,20.58076,18.472786,12.839239,5.923224,13.18319,19.338811,15.91907,10.208254,6.496422,11.505052,15.303408,14.719728,16.375863,7.380824,8.750792,0.0
287,9.231309,9.548565,8.026801,10.290157,12.490564,11.073718,9.33189,6.1634,8.432314,12.073922,10.669183,8.952483,5.9563,8.554094,11.641417,11.125328,22.3856,4.791226,5.728858,0.0
288,7.210525,9.316024,5.167862,8.392476,10.752269,11.722384,6.923348,3.188552,6.318908,9.572951,8.464028,5.753238,1.884808,5.924005,7.888822,7.217066,5.048126,4.021464,6.026519,0.0
289,6.535292,5.622457,4.848346,7.837621,9.77312,7.952414,4.406651,3.158972,7.094803,9.204347,8.598601,3.254213,3.023053,8.87412,11.920848,9.000827,5.24466,6.13961,10.353373,0.0
290,17.065216,16.402231,13.96875,16.972706,20.315513,15.649003,10.3272,6.931702,11.71509,15.788817,11.037213,4.358629,11.169636,13.312708,13.606633,15.538086,11.986885,13.447697,8.278761,0.0
291,6.589929,7.781196,4.622872,7.272483,8.661736,8.731997,7.250495,3.206462,5.17039,7.258574,6.481322,5.687062,2.492208,4.226018,5.298128,5.194231,4.767172,4.139306,4.17622,0.0
292,9.748371,10.832337,8.489022,13.206218,15.568905,13.435168,8.547095,6.764149,12.37032,15.658091,12.615507,7.31967,5.823722,9.15735,11.848705,9.963759,5.693233,4.77888,5.6949,0.0
293,10.200982,12.967355,6.896619,14.300438,17.154844,17.301102,8.994881,6.711298,12.55061,18.742307,14.048895,8.687063,6.563488,11.219267,13.602625,12.57151,11.347715,10.549617,11.190225,0.0
294,6.973591,7.431287,6.598101,7.468963,12.055994,8.702314,5.744802,4.711161,7.083111,11.697336,6.903982,4.205682,4.023345,5.562115,7.765717,6.067935,3.122938,3.424302,2.848806,0.0
295,3.872304,3.509606,2.78959,4.490245,5.214337,4.152499,2.60931,2.05827,3.997674,5.361405,3.809075,2.008666,1.603108,2.790365,3.573959,2.881719,1.665664,1.492445,1.273741,0.0
296,7.288484,7.795341,5.050641,8.206687,9.995328,8.536299,5.130985,3.731928,5.816321,8.184439,5.994192,3.350285,2.849371,4.360209,5.487241,4.556747,2.593415,3.176283,3.456823,0.0
297,10.009977,10.959452,8.704985,14.065585,16.196322,15.537407,10.83612,6.073069,11.727422,18.946376,14.164404,8.286802,4.252666,8.596345,12.787469,12.999132,7.705098,6.100864,7.299723,0.0
298,8.457927,9.421472,8.033903,12.333999,13.943821,10.742513,6.559892,5.565709,9.547909,13.713331,9.755768,5.374317,5.299421,8.526577,8.632721,5.618387,5.853876,4.543552,5.373321,0.0
299,18.233882,15.701276,17.406493,22.558613,28.625282,21.512941,12.298545,10.889096,23.237771,32.889979,23.766637,9.015559,9.157153,19.160224,25.603619,16.132245,8.969421,7.967239,6.418332,0.0
300,17.875974,18.776046,16.788759,28.384266,23.445616,20.598324,9.484409,9.50544,21.903478,35.173486,19.764253,8.961923,12.676919,17.048738,22.168461,18.416039,9.533771,14.669374,13.363568,0.0
301,7.162515,7.189924,6.343304,9.027466,10.420492,9.203491,7.237194,5.059991,8.830835,10.573495,8.091503,5.344526,4.356977,7.848385,9.10117,6.875499,4.157483,4.418466,3.731699,0.0
302,10.842621,8.944994,7.189732,10.08385,13.194105,10.969601,6.010188,5.116499,8.829075,10.84236,8.845277,3.765681,5.772807,7.885832,8.447246,6.886135,4.066647,5.753212,6.43486,0.0
303,10.862449,10.023369,13.311827,13.22041,17.875704,11.989019,10.617054,8.665341,8.811034,10.330374,8.068814,7.292374,6.638326,6.569933,6.870186,6.060028,5.217822,3.637918,3.892963,0.0
304,12.039001,12.439777,9.988504,17.08343,19.383132,16.853012,9.831007,7.335453,16.820098,22.34587,16.263105,8.006789,8.730898,14.270161,17.122281,14.01437,10.95932,18.056483,22.216667,0.0
305,8.535902,8.288548,5.998974,10.060903,13.480048,10.326832,7.586599,4.998137,8.581509,13.409221,8.468385,5.141478,5.738615,7.417958,8.76832,6.50403,4.070961,7.602698,5.914241,0.0
306,7.363028,8.016004,5.947361,9.859955,11.514634,10.50756,7.184974,3.152348,6.695024,9.976905,7.435391,4.778846,1.987596,4.460562,6.683101,4.954898,2.814867,2.219273,2.631015,0.0
307,10.053212,11.578427,7.478724,12.296792,18.610657,16.355319,10.681826,6.112914,9.849421,15.452021,12.9214,8.131834,5.065956,6.754094,8.542576,8.178277,6.660985,4.531041,5.876892,0.0
308,11.333765,10.493733,9.304209,13.475712,15.692991,13.547238,9.11715,6.104128,9.713217,11.376145,9.596025,3.923591,6.189922,7.632905,7.568338,5.111106,4.604596,5.938561,3.787962,0.0
309,15.280022,15.189923,11.634068,19.362636,21.391214,17.853693,11.448255,8.765628,17.725623,22.522472,18.308611,10.333703,11.357352,18.906713,22.402582,21.042483,12.466863,17.764534,16.76685,0.0
310,10.733311,10.925079,6.613441,13.709309,15.116406,13.940799,9.737385,4.203904,10.596295,17.227815,11.306894,6.65592,2.708754,7.119652,11.729084,9.043931,5.62138,4.285572,5.030498,0.0
311,11.165019,11.880263,12.591944,12.824335,17.180415,17.163109,9.513112,5.117683,12.961182,17.32913,13.455338,8.358854,7.144615,7.190023,13.330012,15.259273,10.320525,9.903331,11.164776,0.0
312,12.598065,16.566537,9.187529,12.830361,12.824972,16.329102,16.321357,3.330223,9.731503,14.961779,14.38566,7.387474,4.440155,6.354624,8.177823,7.387627,4.407144,3.578291,2.94326,0.0
313,10.592433,10.357308,8.727697,15.352208,17.293483,15.48311,10.39479,5.990168,14.970733,19.805549,16.19336,6.479616,5.33386,9.86432,15.082735,13.837419,9.101923,10.923202,14.062837,0.0
314,10.848411,11.233786,6.396197,11.852377,13.542724,10.951263,8.182389,5.906187,8.864511,11.069174,9.910178,6.672048,4.61727,8.547147,10.163135,7.801654,7.52924,6.39888,6.636059,0.0
315,5.195397,5.199439,4.451703,6.723755,7.070027,5.097927,4.151344,2.882617,5.463852,5.716968,5.127967,2.934962,2.318443,3.566291,4.446517,3.814158,2.435682,1.589071,1.927282,0.0
316,9.738827,9.491852,7.239599,10.114972,14.130021,14.024421,8.825664,6.282233,10.931644,13.698355,12.539584,7.233077,4.936828,6.025637,9.393369,6.793624,6.728699,5.619027,7.514263,0.0
317,14.054074,13.919069,10.059682,16.567498,18.239772,13.3987,8.352298,5.519267,11.024289,14.856487,17.530641,6.701088,5.78259,10.364954,15.241259,15.117487,8.187102,5.979361,7.788253,0.0
318,10.300111,10.450011,9.754309,12.729395,12.748334,11.512547,11.550146,4.163196,11.450477,10.871108,11.470467,9.235296,5.532128,6.058131,10.549019,17.221458,10.741629,7.08351,8.785067,0.0
319,12.478228,12.626601,8.760135,12.48745,12.600999,13.369248,12.361409,8.235355,11.704692,12.211592,12.767878,11.146476,4.806205,9.076183,11.706973,11.780364,11.74097,6.927465,10.865907,0.0
320,5.64964,7.762993,4.550376,7.175928,8.978464,10.781299,8.070087,3.066597,5.059973,9.837924,8.451278,5.416721,3.948092,3.967951,10.623616,7.66462,7.179897,3.419679,5.375492,0.0
321,7.84228,7.897483,6.258152,6.303492,10.31196,10.220531,7.523255,4.573926,9.16185,10.125669,11.368498,6.319664,4.698774,8.237867,11.036827,7.012196,6.947416,5.456354,7.01416,0.0
322,10.9286,14.283004,10.455812,10.589131,19.113528,19.089047,10.141842,8.497157,16.739073,19.020118,19.054222,7.132377,7.490945,7.46381,19.198514,18.040781,8.539801,7.38766,12.828363,0.0
323,11.374133,9.077306,6.804334,11.813933,17.382888,13.532879,6.663794,4.135421,10.540387,11.69917,10.729501,4.286203,4.0441,5.628333,7.94405,3.870475,4.05103,4.112617,3.276976,0.0
324,10.833581,10.736042,7.519764,11.097817,12.293404,12.646954,6.989327,4.462433,10.877686,12.728789,9.072545,4.056075,3.979174,6.86723,7.646237,6.915825,3.933993,3.222034,3.381542,0.0
325,10.833581,10.736042,7.519764,11.097817,12.293404,12.646954,6.989327,4.462433,10.877686,12.728789,9.072545,4.056075,3.979174,6.86723,7.646237,6.915825,3.933993,3.222034,3.381542,0.0
326,10.943121,12.655381,7.426881,14.481354,15.582557,15.349153,15.16764,5.806473,12.06962,16.692075,16.480197,8.582003,6.712552,11.527912,14.381853,9.627037,9.592662,10.90068,9.55364,0.0
327,7.824358,8.333416,4.656598,10.512099,9.980616,9.552925,7.051569,4.198226,9.069371,9.367829,9.180156,4.864857,4.192701,7.483022,8.063449,8.008176,4.910469,4.183773,4.740118,0.0
328,7.210791,7.228917,5.340432,7.000649,8.145979,8.163513,8.112619,2.213751,7.872874,9.698076,5.606314,6.348384,2.642079,5.770286,6.345501,4.779588,5.68929,3.009732,4.737969,0.0
329,8.466603,10.058246,5.261692,9.984687,10.835528,10.077643,6.009145,2.007329,9.203093,9.661134,9.206094,2.495974,1.958636,5.987812,5.539206,6.920882,3.925228,2.456788,3.732542,0.0
330,9.73111,9.360842,6.164801,11.155078,13.871313,10.069186,7.023183,4.500398,10.901213,13.884845,12.385164,3.501644,5.388022,8.757303,12.546249,11.724887,7.146627,7.488939,8.895242,0.0
331,5.597743,6.316798,3.840131,5.618545,6.394593,8.355373,5.281867,2.548581,7.064304,8.161372,10.157293,5.744838,4.405039,5.181327,8.446887,7.999594,6.815192,9.59244,8.015432,0.0
332,14.642865,16.656095,9.518853,14.611672,17.487097,17.856544,14.321002,5.251789,11.094011,16.37979,14.622578,8.004072,6.807798,8.797869,10.822557,11.789892,6.803528,3.398865,6.685623,0.0
333,12.411207,11.902566,7.757753,13.524953,11.314688,11.228548,10.863486,5.281594,12.693797,16.623558,12.060841,6.458143,6.486767,11.678337,15.174694,11.527249,8.606524,9.18148,8.997561,0.0
334,6.356618,6.863797,4.162169,8.298138,11.1068,9.395915,5.20784,2.90442,6.040935,10.69743,7.557812,4.278523,2.511713,4.893734,7.385385,6.015968,3.922739,1.773705,3.439161,0.0
335,5.25021,5.323116,3.721474,5.400094,6.110875,5.00028,3.436073,1.975219,3.487141,5.419986,3.675207,3.615896,1.378027,2.273302,3.510242,4.375087,2.924011,1.32025,1.075901,0.0
336,6.498409,6.966838,4.283042,7.550882,9.393896,8.360761,4.858837,2.8435,5.598002,7.17688,6.370092,3.485781,2.556413,5.270155,5.731566,4.919415,2.405948,1.740383,2.087834,0.0
337,5.178585,5.72029,3.949935,7.135584,8.650711,7.593625,4.885883,2.511778,6.793604,9.730439,7.321849,3.708794,2.787268,5.485003,7.797168,6.39597,4.074866,3.936035,4.756027,0.0
338,6.147964,6.653438,5.88716,8.699656,8.970402,7.632061,6.484284,3.586543,6.201189,8.297186,5.94327,3.925745,2.505728,4.734362,5.80862,4.430865,4.772051,3.16078,3.38467,0.0
339,7.641141,7.90414,4.460827,7.155162,7.652256,6.883712,3.992522,3.194235,5.392272,7.043213,5.512951,3.394665,2.848957,5.36661,5.64558,5.093479,5.950581,4.073085,2.84822,0.0
340,9.26714,9.755873,6.154873,9.895987,13.366366,11.594694,7.328581,3.003417,7.258795,10.388314,9.258966,4.064422,5.756155,7.904013,9.096172,7.194947,4.433428,3.574771,3.270542,0.0
341,4.850957,4.985382,4.409797,5.520364,5.887331,4.501619,4.083494,2.763907,3.83407,4.960116,4.028619,2.955214,1.998716,3.397849,4.100377,3.633388,2.966632,1.825696,1.173048,0.0
342,16.347339,18.090234,13.743806,19.598964,23.052219,22.511917,16.057868,10.056693,18.063191,22.001079,19.715048,12.220959,7.557871,15.566979,18.682453,20.63851,13.970325,8.563411,11.568339,0.0
343,10.220713,9.93413,7.064617,15.198609,18.80303,14.231573,6.455758,6.969104,14.381612,18.879069,12.253776,4.909013,8.110334,12.436392,14.335893,10.799676,7.367139,11.914588,12.919417,0.0
344,8.704345,9.126424,5.714042,9.991033,12.89147,10.392411,6.167379,4.211826,9.110662,14.307091,9.859987,4.885455,4.304614,8.865787,13.098504,9.983073,5.924348,5.756176,5.784561,0.0
345,9.625811,11.065944,6.799025,11.185582,14.021483,12.925776,9.396921,4.1245,10.60199,12.991301,11.742095,6.766873,2.561959,6.603439,8.905825,8.545184,5.212521,2.071939,2.267072,0.0
346,6.365015,6.379675,6.111729,6.699005,6.519567,5.802886,6.312149,3.292161,4.772059,5.897835,5.277263,2.793956,2.885539,2.91464,3.632409,2.883522,2.833696,2.93818,2.698056,0.0
347,4.684332,5.292603,4.08006,4.450993,7.402278,5.747142,3.736433,2.29398,5.216881,7.828125,5.502893,2.595188,2.225442,2.641831,5.00272,2.579976,2.254437,2.562336,2.428373,0.0
348,9.216893,10.351361,5.899368,10.251533,10.393537,11.646884,8.853052,2.380332,8.122014,10.56738,10.332209,5.620755,2.981481,6.874245,6.80544,7.782591,5.260642,3.106567,3.018532,0.0
349,10.270777,10.974652,8.044348,15.258474,19.547488,16.042578,8.206466,5.242377,11.479359,17.505172,13.208241,6.456234,4.767695,9.469733,13.38681,10.778203,6.325522,6.910462,8.645199,0.0
350,10.529757,11.388329,5.41218,13.308543,16.197999,13.359828,8.304225,4.818798,10.055802,15.036359,11.002543,4.620278,3.113031,4.978148,9.184508,7.265539,3.915572,4.104919,4.335719,0.0
351,5.004472,5.424048,4.92232,4.9936,8.775666,9.406553,5.449814,4.759346,4.928026,10.061346,8.577853,4.828712,2.763916,5.640607,7.172571,7.075252,6.146527,4.568259,5.895015,0.0
352,19.0481,20.620146,17.052247,22.391471,31.15926,26.042185,19.511135,10.225385,20.904102,27.000967,20.408178,14.91497,9.827509,17.635231,29.912609,19.631596,18.071109,23.504162,22.087592,0.0
353,5.979497,6.232428,3.941704,6.450391,6.969098,6.555267,6.352169,3.660659,7.633204,11.078769,7.554506,3.131829,4.180928,6.677324,7.870857,4.453222,4.361092,4.329827,4.570737,0.0
354,11.140174,11.277972,9.579554,13.25562,16.74877,13.786865,8.127267,4.906508,9.886668,12.847928,10.216999,5.346251,3.557464,7.158014,9.354954,7.415997,4.161385,4.310547,5.227632,0.0
355,12.619554,14.337618,7.934599,17.695711,18.070046,17.778597,11.111983,4.417271,9.020024,14.728893,12.078413,8.905381,2.674021,8.225947,11.054967,10.587979,9.447744,6.340007,9.396999,0.0
356,31.873081,30.592052,23.207046,38.4616,28.966,26.916562,25.761005,7.714391,21.904951,30.765847,24.445569,9.221211,13.396512,15.348977,21.956484,21.001961,10.679195,11.526302,9.718952,0.0
357,10.671751,10.570789,8.348431,11.904104,11.28219,11.805813,9.418304,7.41391,7.112986,12.159563,9.916243,9.136254,5.873526,6.823595,9.420376,9.954497,8.243403,7.154781,5.325538,0.0
358,25.481891,26.58904,11.03042,27.815907,31.45328,30.765823,15.237303,9.441103,18.911391,24.262371,19.38431,10.098356,4.440254,13.508159,15.604195,14.614249,5.201138,4.283582,5.770456,0.0
359,13.72355,12.338452,10.539035,14.25841,13.978641,13.419634,9.196848,7.194235,13.584297,13.587415,10.342745,6.830712,7.843713,12.570195,9.144827,8.341386,4.095054,5.598303,4.381016,0.0
360,35.700361,38.901997,21.804388,29.325807,42.920743,42.905862,34.324692,4.62187,31.327718,40.616294,38.54831,30.804401,11.301714,21.921422,32.044321,31.989363,29.43928,12.719286,17.474775,0.0
